省份,专业代码,专业名称,学校标识码,学校名称,年限,备注,年份
西藏自治区,410103,现代农业技术,,日喀则职业技术学院,3,,2025
江西省,410114,农产品加工与质量检测,,赣州远恒佳职业学院,3,,2025
江苏省,410202,园林技术,,苏州旅游职业学院,3,,2025
西藏自治区,440301,建筑工程技术,,日喀则职业技术学院,3,,2025
福建省,460102,数字化设计与制造技术,,集美工业职业学院,3,,2025
江西省,460102,数字化设计与制造技术,,新余职业技术学院,3,,2025
江西省,460102,数字化设计与制造技术,,赣州起元职业学院,3,,2025
江西省,460103,数控技术,,新余职业技术学院,3,,2025
新疆维吾尔自治区,460104,机械制造及自动化,,阜康职业技术学院,3,,2025
江苏省,460110,智能焊接技术,,常州铁道职业技术学院,3,,2025
江西省,460201,智能制造装备技术,,赣州远恒佳职业学院,3,,2025
湖北省,460201,智能制造装备技术,,湖北三峡航空学院,3,,2025
江苏省,460301,机电一体化技术,,常州铁道职业技术学院,3,,2025
江西省,460301,机电一体化技术,,赣州起元职业学院,3,,2025
新疆维吾尔自治区,460301,机电一体化技术,,阜康职业技术学院,3,,2025
福建省,460303,智能控制技术,,集美工业职业学院,3,,2025
江西省,460304,智能机器人技术,,赣州远恒佳职业学院,3,,2025
福建省,460305,工业机器人技术,,集美工业职业学院,3,,2025
江西省,460306,电气自动化技术,,新余职业技术学院,3,,2025
湖北省,460601,飞行器数字化制造技术,,湖北三峡航空学院,3,,2025
湖北省,460607,飞行器维修技术,,湖北三峡航空学院,3,,2025
福建省,470201,应用化工技术,,集美工业职业学院,3,,2025
江西省,480402,服装设计与工艺,,赣州起元职业学院,3,,2025
江西省,480404,针织技术与针织服装,,赣州起元职业学院,3,,2025
江西省,480411,纺织品检验与贸易,,赣州起元职业学院,3,,2025
浙江省,490103,食品营养与健康,,湖州健康职业学院,3,,2025
江苏省,500108,动车组检修技术,,常州铁道职业技术学院,3,,2025
江西省,500211,汽车检测与维修技术,,新余职业技术学院,3,,2025
西藏自治区,500211,汽车检测与维修技术,,日喀则职业技术学院,3,,2025
福建省,500212,新能源汽车检测与维修技术,,集美工业职业学院,3,,2025
湖北省,500403,定翼机驾驶技术,,湖北三峡航空学院,3,,2025
湖北省,500405,空中乘务,,湖北三峡航空学院,3,,2025
江苏省,500602,城市轨道车辆应用技术,,常州铁道职业技术学院,3,,2025
江苏省,500603,城市轨道交通机电技术,,常州铁道职业技术学院,3,,2025
江苏省,500606,城市轨道交通运营管理,,常州铁道职业技术学院,3,,2025
福建省,510202,计算机网络技术,,集美工业职业学院,3,,2025
江西省,510202,计算机网络技术,,赣州远恒佳职业学院,3,,2025
新疆维吾尔自治区,510202,计算机网络技术,,阜康职业技术学院,3,,2025
湖北省,510203,软件技术,,湖北三峡航空学院,3,,2025
湖北省,510209,人工智能技术应用,,湖北三峡航空学院,3,,2025
黑龙江省,520201,护理,,哈尔滨商贸职业学院,3,,2025
黑龙江省,520201,护理,,齐齐哈尔立德健康职业学院,3,,2025
江苏省,520201,护理,,南通卫生健康职业学院,3,,2025
浙江省,520201,护理,,湖州健康职业学院,3,,2025
江西省,520201,护理,,九江卫生健康职业学院,3,,2025
西藏自治区,520201,护理,,日喀则职业技术学院,3,,2025
江西省,520202,助产,,九江卫生健康职业学院,3,,2025
江苏省,520301,药学,,南通卫生健康职业学院,3,,2025
江西省,520301,药学,,九江卫生健康职业学院,3,,2025
江苏省,520410,中药学,,南通卫生健康职业学院,3,,2025
江西省,520416,中医康复技术,,九江卫生健康职业学院,3,,2025
江苏省,520501,医学检验技术,,南通卫生健康职业学院,3,,2025
江西省,520501,医学检验技术,,九江卫生健康职业学院,3,,2025
黑龙江省,520504,口腔医学技术,,齐齐哈尔立德健康职业学院,3,,2025
浙江省,520507,医学美容技术,,湖州健康职业学院,3,,2025
黑龙江省,520601,康复治疗技术,,齐齐哈尔立德健康职业学院,3,,2025
江苏省,520601,康复治疗技术,,南通卫生健康职业学院,3,,2025
浙江省,520601,康复治疗技术,,湖州健康职业学院,3,,2025
黑龙江省,520603,言语听觉康复技术,,齐齐哈尔立德健康职业学院,3,,2025
浙江省,520704,健康大数据管理与服务,,湖州健康职业学院,3,,2025
吉林省,520802,婴幼儿托育服务与管理,,四平现代职业学院,3,,2025
江西省,520802,婴幼儿托育服务与管理,,新余职业技术学院,3,,2025
西藏自治区,520802,婴幼儿托育服务与管理,,日喀则职业技术学院,3,,2025
江苏省,520803,老年保健与管理,,南通卫生健康职业学院,3,,2025
黑龙江省,520901,眼视光技术,,齐齐哈尔立德健康职业学院,3,,2025
黑龙江省,530302,大数据与会计,,哈尔滨商贸职业学院,3,,2025
江苏省,530302,大数据与会计,,苏州旅游职业学院,3,,2025
黑龙江省,530702,跨境电子商务,,哈尔滨商贸职业学院,3,,2025
江苏省,530802,现代物流管理,,苏州旅游职业学院,3,,2025
西藏自治区,530802,现代物流管理,,日喀则职业技术学院,3,,2025
湖北省,530803,航空物流管理,,湖北三峡航空学院,3,,2025
吉林省,530809,智能物流技术,,四平现代职业学院,3,,2025
黑龙江省,530809,智能物流技术,,哈尔滨商贸职业学院,3,,2025
江苏省,540101,旅游管理,,苏州旅游职业学院,3,,2025
新疆维吾尔自治区,540101,旅游管理,,阜康职业技术学院,3,,2025
新疆维吾尔自治区,540103,旅行社经营与管理,,阜康职业技术学院,3,,2025
江苏省,540106,酒店管理与数字化运营,,苏州旅游职业学院,3,,2025
黑龙江省,540111,智慧旅游技术应用,,哈尔滨商贸职业学院,3,,2025
江苏省,540202,烹饪工艺与营养,,苏州旅游职业学院,3,,2025
吉林省,570303,运动训练,,四平现代职业学院,3,,2025
吉林省,570316,体育艺术表演,,四平现代职业学院,3,,2025
吉林省,590302,智慧健康养老服务与管理,,四平现代职业学院,3,,2025
黑龙江省,590302,智慧健康养老服务与管理,,哈尔滨商贸职业学院,3,,2025
浙江省,590302,智慧健康养老服务与管理,,湖州健康职业学院,3,,2025
吉林省,510207,信息安全技术应用,3622000335,长春师范高等专科学校,3,,2025
吉林省,520603,言语听觉康复技术,3622000335,长春师范高等专科学校,3,,2025
吉林省,520801,健康管理,3622000335,长春师范高等专科学校,3,,2025
吉林省,520802,婴幼儿托育服务与管理,3622000335,长春师范高等专科学校,3,,2025
吉林省,520804,心理咨询,3622000335,长春师范高等专科学校,3,,2025
吉林省,520805,医学营养,3622000335,长春师范高等专科学校,3,,2025
吉林省,530605,市场营销,3622000335,长春师范高等专科学校,3,,2025
吉林省,530705,农村电子商务,3622000335,长春师范高等专科学校,3,,2025
吉林省,550106,环境艺术设计,3622000335,长春师范高等专科学校,3,,2025
吉林省,550107,书画艺术,3622000335,长春师范高等专科学校,3,,2025
吉林省,550116,动漫设计,3622000335,长春师范高等专科学校,2,,2025
吉林省,550116,动漫设计,3622000335,长春师范高等专科学校,3,,2025
吉林省,550201,音乐表演,3622000335,长春师范高等专科学校,3,,2025
吉林省,550210,现代流行音乐,3622000335,长春师范高等专科学校,3,,2025
吉林省,570101K,早期教育,3622000335,长春师范高等专科学校,3,,2025
吉林省,570102K,学前教育,3622000335,长春师范高等专科学校,3,,2025
吉林省,570102K,学前教育,3622000335,长春师范高等专科学校,5,,2025
吉林省,570103K,小学教育,3622000335,长春师范高等专科学校,3,,2025
吉林省,570108K,音乐教育,3622000335,长春师范高等专科学校,3,,2025
吉林省,570109K,美术教育,3622000335,长春师范高等专科学校,3,,2025
吉林省,570110K,体育教育,3622000335,长春师范高等专科学校,3,,2025
吉林省,570114K,特殊教育,3622000335,长春师范高等专科学校,3,,2025
吉林省,570307,健身指导与管理,3622000335,长春师范高等专科学校,2,,2025
吉林省,570307,健身指导与管理,3622000335,长春师范高等专科学校,3,,2025
吉林省,570314,冰雪运动与管理,3622000335,长春师范高等专科学校,3,,2025
吉林省,590101,社会工作,3622000335,长春师范高等专科学校,3,,2025
吉林省,590102,党务工作,3622000335,长春师范高等专科学校,3,,2025
吉林省,590103,青少年工作与管理,3622000335,长春师范高等专科学校,3,,2025
吉林省,590104,社区管理与服务,3622000335,长春师范高等专科学校,3,,2025
吉林省,590202,人力资源管理,3622000335,长春师范高等专科学校,3,,2025
吉林省,590301,现代家政服务与管理,3622000335,长春师范高等专科学校,3,,2025
吉林省,590302,智慧健康养老服务与管理,3622000335,长春师范高等专科学校,3,,2025
江苏省,440102,建筑装饰工程技术,3632000466,盐城幼儿师范高等专科学校,3,,2025
江苏省,440301,建筑工程技术,3632000466,盐城幼儿师范高等专科学校,3,,2025
江苏省,440301,建筑工程技术,3632000466,盐城幼儿师范高等专科学校,5,,2025
江苏省,440304,智能建造技术,3632000466,盐城幼儿师范高等专科学校,3,,2025
江苏省,440501,工程造价,3632000466,盐城幼儿师范高等专科学校,3,,2025
江苏省,440502,建设工程管理,3632000466,盐城幼儿师范高等专科学校,3,,2025
江苏省,440504,建设工程监理,3632000466,盐城幼儿师范高等专科学校,3,,2025
江苏省,440601,市政工程技术,3632000466,盐城幼儿师范高等专科学校,3,,2025
江苏省,440601,市政工程技术,3632000466,盐城幼儿师范高等专科学校,5,,2025
江苏省,510108,智能产品开发与应用,3632000466,盐城幼儿师范高等专科学校,3,,2025
江苏省,510201,计算机应用技术,3632000466,盐城幼儿师范高等专科学校,5,,2025
江苏省,510205,大数据技术,3632000466,盐城幼儿师范高等专科学校,3,,2025
江苏省,510207,信息安全技术应用,3632000466,盐城幼儿师范高等专科学校,3,,2025
江苏省,510209,人工智能技术应用,3632000466,盐城幼儿师范高等专科学校,3,,2025
江苏省,510213,移动应用开发,3632000466,盐城幼儿师范高等专科学校,3,,2025
江苏省,520802,婴幼儿托育服务与管理,3632000466,盐城幼儿师范高等专科学校,3,,2025
江苏省,530702,跨境电子商务,3632000466,盐城幼儿师范高等专科学校,3,,2025
江苏省,540101,旅游管理,3632000466,盐城幼儿师范高等专科学校,3,,2025
江苏省,540106,酒店管理与数字化运营,3632000466,盐城幼儿师范高等专科学校,3,,2025
江苏省,540106,酒店管理与数字化运营,3632000466,盐城幼儿师范高等专科学校,5,,2025
江苏省,540111,智慧旅游技术应用,3632000466,盐城幼儿师范高等专科学校,3,,2025
江苏省,540113,休闲服务与管理,3632000466,盐城幼儿师范高等专科学校,3,,2025
江苏省,550101,艺术设计,3632000466,盐城幼儿师范高等专科学校,3,,2025
江苏省,550102,视觉传达设计,3632000466,盐城幼儿师范高等专科学校,3,,2025
江苏省,550107,书画艺术,3632000466,盐城幼儿师范高等专科学校,3,,2025
江苏省,550110,展示艺术设计,3632000466,盐城幼儿师范高等专科学校,3,,2025
江苏省,550201,音乐表演,3632000466,盐城幼儿师范高等专科学校,3,,2025
江苏省,550202,舞蹈表演,3632000466,盐城幼儿师范高等专科学校,3,,2025
江苏省,550203,戏曲表演,3632000466,盐城幼儿师范高等专科学校,5,,2025
江苏省,560206,影视动画,3632000466,盐城幼儿师范高等专科学校,3,,2025
江苏省,570101K,早期教育,3632000466,盐城幼儿师范高等专科学校,3,,2025
江苏省,570102K,学前教育,3632000466,盐城幼儿师范高等专科学校,3,,2025
江苏省,570102K,学前教育,3632000466,盐城幼儿师范高等专科学校,5,,2025
江苏省,570103K,小学教育,3632000466,盐城幼儿师范高等专科学校,3,,2025
江苏省,570103K,小学教育,3632000466,盐城幼儿师范高等专科学校,5,,2025
江苏省,570108K,音乐教育,3632000466,盐城幼儿师范高等专科学校,3,,2025
江苏省,570108K,音乐教育,3632000466,盐城幼儿师范高等专科学校,5,,2025
江苏省,570109K,美术教育,3632000466,盐城幼儿师范高等专科学校,5,,2025
江苏省,570109K,美术教育,3632000466,盐城幼儿师范高等专科学校,3,,2025
江苏省,570110K,体育教育,3632000466,盐城幼儿师范高等专科学校,3,,2025
江苏省,570114K,特殊教育,3632000466,盐城幼儿师范高等专科学校,3,,2025
江苏省,570201,商务英语,3632000466,盐城幼儿师范高等专科学校,3,,2025
江苏省,570201,商务英语,3632000466,盐城幼儿师范高等专科学校,5,,2025
江苏省,570204,应用韩语,3632000466,盐城幼儿师范高等专科学校,3,,2025
江苏省,570204,应用韩语,3632000466,盐城幼儿师范高等专科学校,5,,2025
江苏省,570301,社会体育,3632000466,盐城幼儿师范高等专科学校,3,,2025
江苏省,570303,运动训练,3632000466,盐城幼儿师范高等专科学校,3,,2025
江苏省,570306,体育保健与康复,3632000466,盐城幼儿师范高等专科学校,3,,2025
江苏省,570316,体育艺术表演,3632000466,盐城幼儿师范高等专科学校,3,,2025
江苏省,590301,现代家政服务与管理,3632000466,盐城幼儿师范高等专科学校,3,,2025
江苏省,590302,智慧健康养老服务与管理,3632000466,盐城幼儿师范高等专科学校,3,,2025
江苏省,590401,现代文秘,3632000466,盐城幼儿师范高等专科学校,3,,2025
江苏省,520802,婴幼儿托育服务与管理,3632000583,苏州幼儿师范高等专科学校,3,,2025
江苏省,550102,视觉传达设计,3632000583,苏州幼儿师范高等专科学校,3,,2025
江苏省,550107,书画艺术,3632000583,苏州幼儿师范高等专科学校,3,,2025
江苏省,550112,工艺美术品设计,3632000583,苏州幼儿师范高等专科学校,3,,2025
江苏省,550201,音乐表演,3632000583,苏州幼儿师范高等专科学校,3,,2025
江苏省,560201,播音与主持,3632000583,苏州幼儿师范高等专科学校,3,,2025
江苏省,570101K,早期教育,3632000583,苏州幼儿师范高等专科学校,3,,2025
江苏省,570102K,学前教育,3632000583,苏州幼儿师范高等专科学校,3,,2025
江苏省,570102K,学前教育,3632000583,苏州幼儿师范高等专科学校,5,,2025
江苏省,570108K,音乐教育,3632000583,苏州幼儿师范高等专科学校,3,,2025
江苏省,570114K,特殊教育,3632000583,苏州幼儿师范高等专科学校,3,,2025
江西省,510202,计算机网络技术,3636000312,上饶幼儿师范高等专科学校,3,,2025
江西省,510207,信息安全技术应用,3636000312,上饶幼儿师范高等专科学校,3,,2025
江西省,520802,婴幼儿托育服务与管理,3636000312,上饶幼儿师范高等专科学校,2,,2025
江西省,520802,婴幼儿托育服务与管理,3636000312,上饶幼儿师范高等专科学校,3,,2025
江西省,530702,跨境电子商务,3636000312,上饶幼儿师范高等专科学校,3,,2025
江西省,540105,研学旅行管理与服务,3636000312,上饶幼儿师范高等专科学校,3,,2025
江西省,540111,智慧旅游技术应用,3636000312,上饶幼儿师范高等专科学校,3,,2025
江西省,550101,艺术设计,3636000312,上饶幼儿师范高等专科学校,3,,2025
江西省,550107,书画艺术,3636000312,上饶幼儿师范高等专科学校,3,,2025
江西省,550117,人物形象设计,3636000312,上饶幼儿师范高等专科学校,3,,2025
江西省,550202,舞蹈表演,3636000312,上饶幼儿师范高等专科学校,3,,2025
江西省,570101K,早期教育,3636000312,上饶幼儿师范高等专科学校,3,,2025
江西省,570102K,学前教育,3636000312,上饶幼儿师范高等专科学校,2,,2025
江西省,570102K,学前教育,3636000312,上饶幼儿师范高等专科学校,3,,2025
江西省,570102K,学前教育,3636000312,上饶幼儿师范高等专科学校,5,,2025
江西省,570103K,小学教育,3636000312,上饶幼儿师范高等专科学校,5,,2025
江西省,570103K,小学教育,3636000312,上饶幼儿师范高等专科学校,3,,2025
江西省,570104K,小学语文教育,3636000312,上饶幼儿师范高等专科学校,3,,2025
江西省,570105K,小学数学教育,3636000312,上饶幼儿师范高等专科学校,3,,2025
江西省,570106K,小学英语教育,3636000312,上饶幼儿师范高等专科学校,3,,2025
江西省,570107K,小学科学教育,3636000312,上饶幼儿师范高等专科学校,3,,2025
江西省,570108K,音乐教育,3636000312,上饶幼儿师范高等专科学校,3,,2025
江西省,570109K,美术教育,3636000312,上饶幼儿师范高等专科学校,3,,2025
江西省,570110K,体育教育,3636000312,上饶幼儿师范高等专科学校,3,,2025
江西省,570113K,艺术教育,3636000312,上饶幼儿师范高等专科学校,3,,2025
江西省,570202,应用英语,3636000312,上饶幼儿师范高等专科学校,3,,2025
江西省,570301,社会体育,3636000312,上饶幼儿师范高等专科学校,3,,2025
江西省,590302,智慧健康养老服务与管理,3636000312,上饶幼儿师范高等专科学校,3,,2025
江西省,460701,汽车制造与试验技术,3636000519,抚州幼儿师范高等专科学校,3,,2025
江西省,460702,新能源汽车技术,3636000519,抚州幼儿师范高等专科学校,3,,2025
江西省,510201,计算机应用技术,3636000519,抚州幼儿师范高等专科学校,3,,2025
江西省,510209,人工智能技术应用,3636000519,抚州幼儿师范高等专科学校,3,,2025
江西省,510211,工业互联网技术,3636000519,抚州幼儿师范高等专科学校,3,,2025
江西省,510213,移动应用开发,3636000519,抚州幼儿师范高等专科学校,3,,2025
江西省,510214,工业软件开发技术,3636000519,抚州幼儿师范高等专科学校,3,,2025
江西省,520802,婴幼儿托育服务与管理,3636000519,抚州幼儿师范高等专科学校,3,,2025
江西省,530702,跨境电子商务,3636000519,抚州幼儿师范高等专科学校,3,,2025
江西省,550111,美容美体艺术,3636000519,抚州幼儿师范高等专科学校,3,,2025
江西省,550122,陶瓷设计与工艺,3636000519,抚州幼儿师范高等专科学校,3,,2025
江西省,550202,舞蹈表演,3636000519,抚州幼儿师范高等专科学校,3,,2025
江西省,570102K,学前教育,3636000519,抚州幼儿师范高等专科学校,3,,2025
江西省,570102K,学前教育,3636000519,抚州幼儿师范高等专科学校,2,,2025
江西省,570102K,学前教育,3636000519,抚州幼儿师范高等专科学校,5,,2025
江西省,570103K,小学教育,3636000519,抚州幼儿师范高等专科学校,5,,2025
江西省,570103K,小学教育,3636000519,抚州幼儿师范高等专科学校,3,,2025
江西省,570104K,小学语文教育,3636000519,抚州幼儿师范高等专科学校,3,,2025
江西省,570105K,小学数学教育,3636000519,抚州幼儿师范高等专科学校,3,,2025
江西省,570106K,小学英语教育,3636000519,抚州幼儿师范高等专科学校,3,,2025
江西省,570107K,小学科学教育,3636000519,抚州幼儿师范高等专科学校,3,,2025
江西省,570108K,音乐教育,3636000519,抚州幼儿师范高等专科学校,3,,2025
江西省,570110K,体育教育,3636000519,抚州幼儿师范高等专科学校,3,,2025
江西省,570113K,艺术教育,3636000519,抚州幼儿师范高等专科学校,3,,2025
江西省,570115K,现代教育技术,3636000519,抚州幼儿师范高等专科学校,3,,2025
湖南省,510204,数字媒体技术,3643000496,湘中幼儿师范高等专科学校,3,,2025
湖南省,510217,人工智能数据工程技术,3643000496,湘中幼儿师范高等专科学校,3,,2025
湖南省,520802,婴幼儿托育服务与管理,3643000496,湘中幼儿师范高等专科学校,3,,2025
湖南省,530702,跨境电子商务,3643000496,湘中幼儿师范高等专科学校,3,,2025
湖南省,530704,网络营销与直播电商,3643000496,湘中幼儿师范高等专科学校,3,,2025
湖南省,530802,现代物流管理,3643000496,湘中幼儿师范高等专科学校,3,,2025
湖南省,540105,研学旅行管理与服务,3643000496,湘中幼儿师范高等专科学校,3,,2025
湖南省,540109,茶艺与茶文化,3643000496,湘中幼儿师范高等专科学校,3,,2025
湖南省,550102,视觉传达设计,3643000496,湘中幼儿师范高等专科学校,3,,2025
湖南省,550103,数字媒体艺术设计,3643000496,湘中幼儿师范高等专科学校,3,,2025
湖南省,550104,产品艺术设计,3643000496,湘中幼儿师范高等专科学校,3,,2025
湖南省,550201,音乐表演,3643000496,湘中幼儿师范高等专科学校,3,,2025
湖南省,550202,舞蹈表演,3643000496,湘中幼儿师范高等专科学校,3,,2025
湖南省,550203,戏曲表演,3643000496,湘中幼儿师范高等专科学校,5,,2025
湖南省,550203,戏曲表演,3643000496,湘中幼儿师范高等专科学校,3,,2025
湖南省,560206,影视动画,3643000496,湘中幼儿师范高等专科学校,3,,2025
湖南省,570101K,早期教育,3643000496,湘中幼儿师范高等专科学校,3,,2025
湖南省,570102K,学前教育,3643000496,湘中幼儿师范高等专科学校,5,,2025
湖南省,570102K,学前教育,3643000496,湘中幼儿师范高等专科学校,3,,2025
湖南省,570103K,小学教育,3643000496,湘中幼儿师范高等专科学校,3,,2025
湖南省,570103K,小学教育,3643000496,湘中幼儿师范高等专科学校,5,,2025
湖南省,570104K,小学语文教育,3643000496,湘中幼儿师范高等专科学校,3,,2025
湖南省,570105K,小学数学教育,3643000496,湘中幼儿师范高等专科学校,3,,2025
湖南省,570106K,小学英语教育,3643000496,湘中幼儿师范高等专科学校,3,,2025
湖南省,570108K,音乐教育,3643000496,湘中幼儿师范高等专科学校,3,,2025
湖南省,570109K,美术教育,3643000496,湘中幼儿师范高等专科学校,3,,2025
湖南省,570110K,体育教育,3643000496,湘中幼儿师范高等专科学校,3,,2025
湖南省,570115K,现代教育技术,3643000496,湘中幼儿师范高等专科学校,3,,2025
湖南省,570303,运动训练,3643000496,湘中幼儿师范高等专科学校,3,,2025
湖南省,570307,健身指导与管理,3643000496,湘中幼儿师范高等专科学校,3,,2025
湖南省,570316,体育艺术表演,3643000496,湘中幼儿师范高等专科学校,3,,2025
湖南省,590102,党务工作,3643000496,湘中幼儿师范高等专科学校,3,,2025
湖南省,590301,现代家政服务与管理,3643000496,湘中幼儿师范高等专科学校,3,,2025
湖南省,590302,智慧健康养老服务与管理,3643000496,湘中幼儿师范高等专科学校,3,,2025
湖南省,590303,社区康复,3643000496,湘中幼儿师范高等专科学校,3,,2025
北京市,410112,设施农业与装备,4111010020,北京农学院,2,,2025
北京市,520101K,临床医学,4111010025,首都医科大学,3,,2025
北京市,550117,人物形象设计,4111010050,北京电影学院,2,,2025
北京市,550204,表演艺术,4111010050,北京电影学院,2,,2025
北京市,550205,戏剧影视表演,4111010050,北京电影学院,2,,2025
北京市,560206,影视动画,4111010050,北京电影学院,2,,2025
北京市,420301,工程测量技术,4111010853,北京工业职业技术学院,2,,2025
北京市,420301,工程测量技术,4111010853,北京工业职业技术学院,3,,2025
北京市,420307,无人机测绘技术,4111010853,北京工业职业技术学院,3,,2025
北京市,420309,导航与位置服务,4111010853,北京工业职业技术学院,3,,2025
北京市,420901,安全技术与管理,4111010853,北京工业职业技术学院,3,,2025
北京市,420901,安全技术与管理,4111010853,北京工业职业技术学院,2,,2025
北京市,420904,安全智能监测技术,4111010853,北京工业职业技术学院,3,,2025
北京市,440102,建筑装饰工程技术,4111010853,北京工业职业技术学院,2,,2025
北京市,440102,建筑装饰工程技术,4111010853,北京工业职业技术学院,3,,2025
北京市,440301,建筑工程技术,4111010853,北京工业职业技术学院,2,,2025
北京市,440301,建筑工程技术,4111010853,北京工业职业技术学院,3,,2025
北京市,440304,智能建造技术,4111010853,北京工业职业技术学院,3,,2025
北京市,440304,智能建造技术,4111010853,北京工业职业技术学院,2,,2025
北京市,440501,工程造价,4111010853,北京工业职业技术学院,2,,2025
北京市,440501,工程造价,4111010853,北京工业职业技术学院,3,,2025
北京市,460102,数字化设计与制造技术,4111010853,北京工业职业技术学院,2,,2025
北京市,460102,数字化设计与制造技术,4111010853,北京工业职业技术学院,3,,2025
北京市,460103,数控技术,4111010853,北京工业职业技术学院,3,,2025
北京市,460104,机械制造及自动化,4111010853,北京工业职业技术学院,3,,2025
北京市,460301,机电一体化技术,4111010853,北京工业职业技术学院,3,,2025
北京市,460301,机电一体化技术,4111010853,北京工业职业技术学院,2,,2025
北京市,460302,智能机电技术,4111010853,北京工业职业技术学院,3,,2025
北京市,460305,工业机器人技术,4111010853,北京工业职业技术学院,3,,2025
北京市,460305,工业机器人技术,4111010853,北京工业职业技术学院,2,,2025
北京市,460306,电气自动化技术,4111010853,北京工业职业技术学院,2,,2025
北京市,460306,电气自动化技术,4111010853,北京工业职业技术学院,3,,2025
北京市,460310,工业互联网应用,4111010853,北京工业职业技术学院,3,,2025
北京市,460609,无人机应用技术,4111010853,北京工业职业技术学院,3,,2025
北京市,460609,无人机应用技术,4111010853,北京工业职业技术学院,2,,2025
北京市,460702,新能源汽车技术,4111010853,北京工业职业技术学院,2,,2025
北京市,460702,新能源汽车技术,4111010853,北京工业职业技术学院,3,,2025
北京市,510101,电子信息工程技术,4111010853,北京工业职业技术学院,2,,2025
北京市,510101,电子信息工程技术,4111010853,北京工业职业技术学院,3,,2025
北京市,510102,物联网应用技术,4111010853,北京工业职业技术学院,3,,2025
北京市,510106,移动互联应用技术,4111010853,北京工业职业技术学院,3,,2025
北京市,510106,移动互联应用技术,4111010853,北京工业职业技术学院,2,,2025
北京市,510107,汽车智能技术,4111010853,北京工业职业技术学院,3,,2025
北京市,510107,汽车智能技术,4111010853,北京工业职业技术学院,2,,2025
北京市,510202,计算机网络技术,4111010853,北京工业职业技术学院,3,,2025
北京市,510202,计算机网络技术,4111010853,北京工业职业技术学院,2,,2025
北京市,510207,信息安全技术应用,4111010853,北京工业职业技术学院,2,,2025
北京市,510207,信息安全技术应用,4111010853,北京工业职业技术学院,3,,2025
北京市,510208,虚拟现实技术应用,4111010853,北京工业职业技术学院,3,,2025
北京市,510208,虚拟现实技术应用,4111010853,北京工业职业技术学院,2,,2025
北京市,510209,人工智能技术应用,4111010853,北京工业职业技术学院,3,,2025
北京市,510215,动漫制作技术,4111010853,北京工业职业技术学院,2,,2025
北京市,510215,动漫制作技术,4111010853,北京工业职业技术学院,3,,2025
北京市,530302,大数据与会计,4111010853,北京工业职业技术学院,3,,2025
北京市,530302,大数据与会计,4111010853,北京工业职业技术学院,2,,2025
北京市,530601,工商企业管理,4111010853,北京工业职业技术学院,3,,2025
北京市,530701,电子商务,4111010853,北京工业职业技术学院,2,,2025
北京市,530701,电子商务,4111010853,北京工业职业技术学院,3,,2025
北京市,540101,旅游管理,4111010853,北京工业职业技术学院,2,,2025
北京市,540101,旅游管理,4111010853,北京工业职业技术学院,3,,2025
北京市,540111,智慧旅游技术应用,4111010853,北京工业职业技术学院,3,,2025
北京市,550123,首饰设计与工艺,4111010853,北京工业职业技术学院,2,,2025
北京市,550123,首饰设计与工艺,4111010853,北京工业职业技术学院,3,,2025
北京市,580401,法律事务,4111010853,北京工业职业技术学院,3,,2025
北京市,580401,法律事务,4111010853,北京工业职业技术学院,2,,2025
北京市,580402,法律文秘,4111010853,北京工业职业技术学院,3,,2025
北京市,460105,工业设计,4111010857,北京信息职业技术学院,3,,2025
北京市,460301,机电一体化技术,4111010857,北京信息职业技术学院,3,,2025
北京市,460301,机电一体化技术,4111010857,北京信息职业技术学院,2,,2025
北京市,460702,新能源汽车技术,4111010857,北京信息职业技术学院,3,,2025
北京市,460702,新能源汽车技术,4111010857,北京信息职业技术学院,2,,2025
北京市,500207,智能交通技术,4111010857,北京信息职业技术学院,2,,2025
北京市,500604,城市轨道交通通信信号技术,4111010857,北京信息职业技术学院,3,,2025
北京市,500604,城市轨道交通通信信号技术,4111010857,北京信息职业技术学院,2,,2025
北京市,510101,电子信息工程技术,4111010857,北京信息职业技术学院,3,,2025
北京市,510101,电子信息工程技术,4111010857,北京信息职业技术学院,2,,2025
北京市,510102,物联网应用技术,4111010857,北京信息职业技术学院,3,,2025
北京市,510102,物联网应用技术,4111010857,北京信息职业技术学院,2,,2025
北京市,510201,计算机应用技术,4111010857,北京信息职业技术学院,3,,2025
北京市,510202,计算机网络技术,4111010857,北京信息职业技术学院,3,,2025
北京市,510202,计算机网络技术,4111010857,北京信息职业技术学院,2,,2025
北京市,510203,软件技术,4111010857,北京信息职业技术学院,3,,2025
北京市,510203,软件技术,4111010857,北京信息职业技术学院,2,,2025
北京市,510204,数字媒体技术,4111010857,北京信息职业技术学院,3,,2025
北京市,510204,数字媒体技术,4111010857,北京信息职业技术学院,2,,2025
北京市,510205,大数据技术,4111010857,北京信息职业技术学院,3,,2025
北京市,510205,大数据技术,4111010857,北京信息职业技术学院,2,,2025
北京市,510206,云计算技术应用,4111010857,北京信息职业技术学院,2,,2025
北京市,510206,云计算技术应用,4111010857,北京信息职业技术学院,3,,2025
北京市,510207,信息安全技术应用,4111010857,北京信息职业技术学院,2,,2025
北京市,510207,信息安全技术应用,4111010857,北京信息职业技术学院,3,,2025
北京市,510208,虚拟现实技术应用,4111010857,北京信息职业技术学院,3,,2025
北京市,510208,虚拟现实技术应用,4111010857,北京信息职业技术学院,2,,2025
北京市,510209,人工智能技术应用,4111010857,北京信息职业技术学院,3,,2025
北京市,510209,人工智能技术应用,4111010857,北京信息职业技术学院,2,,2025
北京市,510211,工业互联网技术,4111010857,北京信息职业技术学院,3,,2025
北京市,510212,区块链技术应用,4111010857,北京信息职业技术学院,3,,2025
北京市,510213,移动应用开发,4111010857,北京信息职业技术学院,2,,2025
北京市,510213,移动应用开发,4111010857,北京信息职业技术学院,3,,2025
北京市,510301,现代通信技术,4111010857,北京信息职业技术学院,3,,2025
北京市,510301,现代通信技术,4111010857,北京信息职业技术学院,2,,2025
北京市,510401,集成电路技术,4111010857,北京信息职业技术学院,3,,2025
北京市,510402,微电子技术,4111010857,北京信息职业技术学院,2,,2025
北京市,510402,微电子技术,4111010857,北京信息职业技术学院,3,,2025
北京市,520702,卫生信息管理,4111010857,北京信息职业技术学院,2,,2025
北京市,520702,卫生信息管理,4111010857,北京信息职业技术学院,3,,2025
北京市,520704,健康大数据管理与服务,4111010857,北京信息职业技术学院,3,,2025
北京市,520801,健康管理,4111010857,北京信息职业技术学院,2,,2025
北京市,520801,健康管理,4111010857,北京信息职业技术学院,3,,2025
北京市,530202,金融科技应用,4111010857,北京信息职业技术学院,3,,2025
北京市,530202,金融科技应用,4111010857,北京信息职业技术学院,2,,2025
北京市,530206,证券实务,4111010857,北京信息职业技术学院,3,,2025
北京市,530302,大数据与会计,4111010857,北京信息职业技术学院,3,,2025
北京市,530302,大数据与会计,4111010857,北京信息职业技术学院,2,,2025
北京市,530605,市场营销,4111010857,北京信息职业技术学院,3,,2025
北京市,530605,市场营销,4111010857,北京信息职业技术学院,2,,2025
北京市,530701,电子商务,4111010857,北京信息职业技术学院,3,,2025
北京市,530701,电子商务,4111010857,北京信息职业技术学院,2,,2025
北京市,530703,移动商务,4111010857,北京信息职业技术学院,2,,2025
北京市,530704,网络营销与直播电商,4111010857,北京信息职业技术学院,2,,2025
北京市,530704,网络营销与直播电商,4111010857,北京信息职业技术学院,3,,2025
北京市,530706,商务数据分析与应用,4111010857,北京信息职业技术学院,3,,2025
北京市,530706,商务数据分析与应用,4111010857,北京信息职业技术学院,2,,2025
北京市,550103,数字媒体艺术设计,4111010857,北京信息职业技术学院,2,,2025
北京市,550103,数字媒体艺术设计,4111010857,北京信息职业技术学院,3,,2025
北京市,550109,游戏艺术设计,4111010857,北京信息职业技术学院,3,,2025
北京市,550113,广告艺术设计,4111010857,北京信息职业技术学院,3,,2025
北京市,550113,广告艺术设计,4111010857,北京信息职业技术学院,2,,2025
北京市,560204,影视编导,4111010857,北京信息职业技术学院,3,,2025
北京市,560206,影视动画,4111010857,北京信息职业技术学院,3,,2025
北京市,560206,影视动画,4111010857,北京信息职业技术学院,2,,2025
北京市,570201,商务英语,4111010857,北京信息职业技术学院,3,,2025
北京市,570201,商务英语,4111010857,北京信息职业技术学院,2,,2025
北京市,570202,应用英语,4111010857,北京信息职业技术学院,3,,2025
北京市,420802,环境工程技术,4111010858,北京电子科技职业学院,2,,2025
北京市,420802,环境工程技术,4111010858,北京电子科技职业学院,3,,2025
北京市,440403,供热通风与空调工程技术,4111010858,北京电子科技职业学院,2,,2025
北京市,440403,供热通风与空调工程技术,4111010858,北京电子科技职业学院,3,,2025
北京市,440404,建筑智能化工程技术,4111010858,北京电子科技职业学院,3,,2025
北京市,440404,建筑智能化工程技术,4111010858,北京电子科技职业学院,2,,2025
北京市,460104,机械制造及自动化,4111010858,北京电子科技职业学院,3,,2025
北京市,460104,机械制造及自动化,4111010858,北京电子科技职业学院,2,,2025
北京市,460301,机电一体化技术,4111010858,北京电子科技职业学院,2,,2025
北京市,460301,机电一体化技术,4111010858,北京电子科技职业学院,3,,2025
北京市,460306,电气自动化技术,4111010858,北京电子科技职业学院,2,,2025
北京市,460306,电气自动化技术,4111010858,北京电子科技职业学院,3,,2025
北京市,460310,工业互联网应用,4111010858,北京电子科技职业学院,3,,2025
北京市,460609,无人机应用技术,4111010858,北京电子科技职业学院,3,,2025
北京市,460701,汽车制造与试验技术,4111010858,北京电子科技职业学院,2,,2025
北京市,460701,汽车制造与试验技术,4111010858,北京电子科技职业学院,3,,2025
北京市,460702,新能源汽车技术,4111010858,北京电子科技职业学院,3,,2025
北京市,460702,新能源汽车技术,4111010858,北京电子科技职业学院,2,,2025
北京市,460704,智能网联汽车技术,4111010858,北京电子科技职业学院,3,,2025
北京市,470102,药品生物技术,4111010858,北京电子科技职业学院,3,,2025
北京市,470102,药品生物技术,4111010858,北京电子科技职业学院,2,,2025
北京市,470105,生物产品检验检疫,4111010858,北京电子科技职业学院,2,,2025
北京市,470105,生物产品检验检疫,4111010858,北京电子科技职业学院,3,,2025
北京市,480402,服装设计与工艺,4111010858,北京电子科技职业学院,3,,2025
北京市,490102,食品质量与安全,4111010858,北京电子科技职业学院,3,,2025
北京市,490103,食品营养与健康,4111010858,北京电子科技职业学院,3,,2025
北京市,490104,食品检验检测技术,4111010858,北京电子科技职业学院,2,,2025
北京市,490104,食品检验检测技术,4111010858,北京电子科技职业学院,3,,2025
北京市,500211,汽车检测与维修技术,4111010858,北京电子科技职业学院,3,,2025
北京市,500409,飞机机电设备维修,4111010858,北京电子科技职业学院,2,,2025
北京市,500409,飞机机电设备维修,4111010858,北京电子科技职业学院,3,,2025
北京市,500410,飞机电子设备维修,4111010858,北京电子科技职业学院,3,,2025
北京市,500414,航空地面设备维修,4111010858,北京电子科技职业学院,3,,2025
北京市,500603,城市轨道交通机电技术,4111010858,北京电子科技职业学院,3,,2025
北京市,510101,电子信息工程技术,4111010858,北京电子科技职业学院,3,,2025
北京市,510102,物联网应用技术,4111010858,北京电子科技职业学院,3,,2025
北京市,510201,计算机应用技术,4111010858,北京电子科技职业学院,2,,2025
北京市,510201,计算机应用技术,4111010858,北京电子科技职业学院,3,,2025
北京市,510202,计算机网络技术,4111010858,北京电子科技职业学院,3,,2025
北京市,510202,计算机网络技术,4111010858,北京电子科技职业学院,2,,2025
北京市,510205,大数据技术,4111010858,北京电子科技职业学院,3,,2025
北京市,510207,信息安全技术应用,4111010858,北京电子科技职业学院,3,,2025
北京市,510209,人工智能技术应用,4111010858,北京电子科技职业学院,3,,2025
北京市,510301,现代通信技术,4111010858,北京电子科技职业学院,3,,2025
北京市,530207,国际金融,4111010858,北京电子科技职业学院,3,,2025
北京市,530302,大数据与会计,4111010858,北京电子科技职业学院,3,,2025
北京市,530401,统计与大数据分析,4111010858,北京电子科技职业学院,3,,2025
北京市,530502,国际商务,4111010858,北京电子科技职业学院,3,,2025
北京市,530701,电子商务,4111010858,北京电子科技职业学院,3,,2025
北京市,550103,数字媒体艺术设计,4111010858,北京电子科技职业学院,3,,2025
北京市,550106,环境艺术设计,4111010858,北京电子科技职业学院,3,,2025
北京市,550109,游戏艺术设计,4111010858,北京电子科技职业学院,3,,2025
北京市,550110,展示艺术设计,4111010858,北京电子科技职业学院,3,,2025
北京市,550220,现代魔术设计与表演,4111010858,北京电子科技职业学院,3,,2025
北京市,560202,广播影视节目制作,4111010858,北京电子科技职业学院,2,,2025
北京市,560202,广播影视节目制作,4111010858,北京电子科技职业学院,3,,2025
北京市,570201,商务英语,4111010858,北京电子科技职业学院,2,,2025
北京市,570201,商务英语,4111010858,北京电子科技职业学院,3,,2025
北京市,420904,安全智能监测技术,4111011090,北京京北职业技术学院,3,,2025
北京市,440106,建筑室内设计,4111011090,北京京北职业技术学院,3,,2025
北京市,440301,建筑工程技术,4111011090,北京京北职业技术学院,2,,2025
北京市,440301,建筑工程技术,4111011090,北京京北职业技术学院,3,,2025
北京市,440501,工程造价,4111011090,北京京北职业技术学院,3,,2025
北京市,460301,机电一体化技术,4111011090,北京京北职业技术学院,3,,2025
北京市,520201,护理,4111011090,北京京北职业技术学院,2,,2025
北京市,520201,护理,4111011090,北京京北职业技术学院,3,,2025
北京市,530302,大数据与会计,4111011090,北京京北职业技术学院,2,,2025
北京市,530302,大数据与会计,4111011090,北京京北职业技术学院,3,,2025
北京市,530704,网络营销与直播电商,4111011090,北京京北职业技术学院,3,,2025
北京市,550101,艺术设计,4111011090,北京京北职业技术学院,3,,2025
北京市,560208,影视多媒体技术,4111011090,北京京北职业技术学院,2,,2025
北京市,560208,影视多媒体技术,4111011090,北京京北职业技术学院,3,,2025
北京市,570102K,学前教育,4111011090,北京京北职业技术学院,3,,2025
北京市,570312,电子竞技运动与管理,4111011090,北京京北职业技术学院,3,,2025
北京市,590101,社会工作,4111011090,北京京北职业技术学院,2,,2025
北京市,590101,社会工作,4111011090,北京京北职业技术学院,3,,2025
北京市,590303,社区康复,4111011090,北京京北职业技术学院,2,,2025
北京市,590303,社区康复,4111011090,北京京北职业技术学院,3,,2025
北京市,440304,智能建造技术,4111011092,北京交通职业技术学院,3,,2025
北京市,440501,工程造价,4111011092,北京交通职业技术学院,2,,2025
北京市,440501,工程造价,4111011092,北京交通职业技术学院,3,,2025
北京市,440502,建设工程管理,4111011092,北京交通职业技术学院,3,,2025
北京市,440601,市政工程技术,4111011092,北京交通职业技术学院,3,,2025
北京市,460301,机电一体化技术,4111011092,北京交通职业技术学院,3,,2025
北京市,460301,机电一体化技术,4111011092,北京交通职业技术学院,2,,2025
北京市,460609,无人机应用技术,4111011092,北京交通职业技术学院,3,,2025
北京市,470102,药品生物技术,4111011092,北京交通职业技术学院,3,,2025
北京市,490217,化妆品经营与管理,4111011092,北京交通职业技术学院,3,,2025
北京市,500602,城市轨道车辆应用技术,4111011092,北京交通职业技术学院,2,,2025
北京市,500602,城市轨道车辆应用技术,4111011092,北京交通职业技术学院,3,,2025
北京市,500603,城市轨道交通机电技术,4111011092,北京交通职业技术学院,3,,2025
北京市,500604,城市轨道交通通信信号技术,4111011092,北京交通职业技术学院,3,,2025
北京市,500606,城市轨道交通运营管理,4111011092,北京交通职业技术学院,2,,2025
北京市,500606,城市轨道交通运营管理,4111011092,北京交通职业技术学院,3,,2025
北京市,510108,智能产品开发与应用,4111011092,北京交通职业技术学院,3,,2025
北京市,510201,计算机应用技术,4111011092,北京交通职业技术学院,3,,2025
北京市,510205,大数据技术,4111011092,北京交通职业技术学院,3,,2025
北京市,510207,信息安全技术应用,4111011092,北京交通职业技术学院,3,,2025
北京市,530702,跨境电子商务,4111011092,北京交通职业技术学院,3,,2025
北京市,540101,旅游管理,4111011092,北京交通职业技术学院,3,,2025
北京市,550103,数字媒体艺术设计,4111011092,北京交通职业技术学院,3,,2025
北京市,550106,环境艺术设计,4111011092,北京交通职业技术学院,3,,2025
北京市,550116,动漫设计,4111011092,北京交通职业技术学院,3,,2025
北京市,500405,空中乘务,4111011097,首都经济贸易大学密云分校,3,,2025
北京市,510201,计算机应用技术,4111011097,首都经济贸易大学密云分校,3,,2025
北京市,530201,金融服务与管理,4111011097,首都经济贸易大学密云分校,3,,2025
北京市,530206,证券实务,4111011097,首都经济贸易大学密云分校,3,,2025
北京市,530301,大数据与财务管理,4111011097,首都经济贸易大学密云分校,3,,2025
北京市,530302,大数据与会计,4111011097,首都经济贸易大学密云分校,2,,2025
北京市,530302,大数据与会计,4111011097,首都经济贸易大学密云分校,3,,2025
北京市,530501,国际经济与贸易,4111011097,首都经济贸易大学密云分校,3,,2025
北京市,530601,工商企业管理,4111011097,首都经济贸易大学密云分校,3,,2025
北京市,530605,市场营销,4111011097,首都经济贸易大学密云分校,3,,2025
北京市,530701,电子商务,4111011097,首都经济贸易大学密云分校,3,,2025
北京市,530802,现代物流管理,4111011097,首都经济贸易大学密云分校,3,,2025
北京市,540101,旅游管理,4111011097,首都经济贸易大学密云分校,2,,2025
北京市,540101,旅游管理,4111011097,首都经济贸易大学密云分校,3,,2025
北京市,560102,网络新闻与传播,4111011097,首都经济贸易大学密云分校,3,,2025
北京市,590101,社会工作,4111011097,首都经济贸易大学密云分校,3,,2025
北京市,590202,人力资源管理,4111011097,首都经济贸易大学密云分校,3,,2025
北京市,460306,电气自动化技术,4111011417,北京联合大学,2,,2025
北京市,460702,新能源汽车技术,4111011417,北京联合大学,2,,2025
北京市,500604,城市轨道交通通信信号技术,4111011417,北京联合大学,2,,2025
北京市,510205,大数据技术,4111011417,北京联合大学,2,,2025
北京市,510209,人工智能技术应用,4111011417,北京联合大学,2,,2025
北京市,530302,大数据与会计,4111011417,北京联合大学,2,,2025
北京市,530701,电子商务,4111011417,北京联合大学,2,,2025
北京市,540202,烹饪工艺与营养,4111011417,北京联合大学,2,,2025
北京市,550103,数字媒体艺术设计,4111011417,北京联合大学,2,,2025
北京市,550112,工艺美术品设计,4111011417,北京联合大学,2,,2025
北京市,550404,文物修复与保护,4111011417,北京联合大学,2,,2025
北京市,570102K,学前教育,4111011417,北京联合大学,2,,2025
北京市,570103K,小学教育,4111011417,北京联合大学,2,,2025
北京市,570107K,小学科学教育,4111011417,北京联合大学,2,,2025
北京市,570108K,音乐教育,4111011417,北京联合大学,2,,2025
北京市,500405,空中乘务,4111011418,北京城市学院,3,,2025
北京市,500405,空中乘务,4111011418,北京城市学院,2,,2025
北京市,520201,护理,4111011418,北京城市学院,3,,2025
北京市,520201,护理,4111011418,北京城市学院,2,,2025
北京市,520410,中药学,4111011418,北京城市学院,3,,2025
北京市,520410,中药学,4111011418,北京城市学院,2,,2025
北京市,540112,会展策划与管理,4111011418,北京城市学院,3,,2025
北京市,540112,会展策划与管理,4111011418,北京城市学院,2,,2025
北京市,550103,数字媒体艺术设计,4111011418,北京城市学院,2,,2025
北京市,550106,环境艺术设计,4111011418,北京城市学院,2,,2025
北京市,550106,环境艺术设计,4111011418,北京城市学院,3,,2025
北京市,560212,摄影摄像技术,4111011418,北京城市学院,2,,2025
北京市,560213,融媒体技术与运营,4111011418,北京城市学院,2,,2025
北京市,570102K,学前教育,4111011418,北京城市学院,2,,2025
北京市,570103K,小学教育,4111011418,北京城市学院,2,,2025
北京市,510201,计算机应用技术,4111011626,北京青年政治学院,3,,2025
北京市,510207,信息安全技术应用,4111011626,北京青年政治学院,3,,2025
北京市,520802,婴幼儿托育服务与管理,4111011626,北京青年政治学院,3,,2025
北京市,530206,证券实务,4111011626,北京青年政治学院,2,,2025
北京市,530206,证券实务,4111011626,北京青年政治学院,3,,2025
北京市,530302,大数据与会计,4111011626,北京青年政治学院,3,,2025
北京市,530502,国际商务,4111011626,北京青年政治学院,3,,2025
北京市,530601,工商企业管理,4111011626,北京青年政治学院,3,,2025
北京市,540101,旅游管理,4111011626,北京青年政治学院,3,,2025
北京市,550103,数字媒体艺术设计,4111011626,北京青年政治学院,3,,2025
北京市,550107,书画艺术,4111011626,北京青年政治学院,3,,2025
北京市,550109,游戏艺术设计,4111011626,北京青年政治学院,3,,2025
北京市,560205,新闻采编与制作,4111011626,北京青年政治学院,3,,2025
北京市,560213,融媒体技术与运营,4111011626,北京青年政治学院,3,,2025
北京市,570101K,早期教育,4111011626,北京青年政治学院,3,,2025
北京市,570102K,学前教育,4111011626,北京青年政治学院,2,,2025
北京市,570102K,学前教育,4111011626,北京青年政治学院,3,,2025
北京市,570203,旅游英语,4111011626,北京青年政治学院,3,,2025
北京市,570209,中文,4111011626,北京青年政治学院,3,,2025
北京市,580401,法律事务,4111011626,北京青年政治学院,3,,2025
北京市,590101,社会工作,4111011626,北京青年政治学院,3,,2025
北京市,590102,党务工作,4111011626,北京青年政治学院,3,,2025
北京市,590103,青少年工作与管理,4111011626,北京青年政治学院,3,,2025
北京市,590107,政务服务,4111011626,北京青年政治学院,3,,2025
北京市,590302,智慧健康养老服务与管理,4111011626,北京青年政治学院,3,,2025
北京市,420802,环境工程技术,4111011831,首钢工学院,2,,2025
北京市,460101,机械设计与制造,4111011831,首钢工学院,3,,2025
北京市,460301,机电一体化技术,4111011831,首钢工学院,2,,2025
北京市,460301,机电一体化技术,4111011831,首钢工学院,3,,2025
北京市,460306,电气自动化技术,4111011831,首钢工学院,3,,2025
北京市,510201,计算机应用技术,4111011831,首钢工学院,3,,2025
北京市,510201,计算机应用技术,4111011831,首钢工学院,2,,2025
北京市,510204,数字媒体技术,4111011831,首钢工学院,2,,2025
北京市,510204,数字媒体技术,4111011831,首钢工学院,3,,2025
北京市,520201,护理,4111011831,首钢工学院,2,,2025
北京市,520201,护理,4111011831,首钢工学院,3,,2025
北京市,530302,大数据与会计,4111011831,首钢工学院,3,,2025
北京市,530302,大数据与会计,4111011831,首钢工学院,2,,2025
北京市,540101,旅游管理,4111011831,首钢工学院,3,,2025
北京市,540105,研学旅行管理与服务,4111011831,首钢工学院,3,,2025
北京市,560206,影视动画,4111011831,首钢工学院,3,,2025
北京市,570102K,学前教育,4111011831,首钢工学院,3,,2025
北京市,590202,人力资源管理,4111011831,首钢工学院,3,,2025
北京市,410105,园艺技术,4111012448,北京农业职业学院,2,,2025
北京市,410105,园艺技术,4111012448,北京农业职业学院,3,,2025
北京市,410112,设施农业与装备,4111012448,北京农业职业学院,3,,2025
北京市,410112,设施农业与装备,4111012448,北京农业职业学院,2,,2025
北京市,410113,现代农业装备应用技术,4111012448,北京农业职业学院,2,,2025
北京市,410113,现代农业装备应用技术,4111012448,北京农业职业学院,3,,2025
北京市,410115,绿色食品生产技术,4111012448,北京农业职业学院,3,,2025
北京市,410115,绿色食品生产技术,4111012448,北京农业职业学院,2,,2025
北京市,410116,农产品流通与管理,4111012448,北京农业职业学院,3,,2025
北京市,410118,休闲农业经营与管理,4111012448,北京农业职业学院,3,,2025
北京市,410119,现代农业经济管理,4111012448,北京农业职业学院,3,,2025
北京市,410120,农村新型经济组织管理,4111012448,北京农业职业学院,3,,2025
北京市,410202,园林技术,4111012448,北京农业职业学院,2,,2025
北京市,410202,园林技术,4111012448,北京农业职业学院,3,,2025
北京市,410301,动物医学,4111012448,北京农业职业学院,3,,2025
北京市,410301,动物医学,4111012448,北京农业职业学院,2,,2025
北京市,410303,畜牧兽医,4111012448,北京农业职业学院,3,,2025
北京市,410305,宠物医疗技术,4111012448,北京农业职业学院,2,,2025
北京市,410305,宠物医疗技术,4111012448,北京农业职业学院,3,,2025
北京市,440105,风景园林设计,4111012448,北京农业职业学院,3,,2025
北京市,440301,建筑工程技术,4111012448,北京农业职业学院,2,,2025
北京市,440301,建筑工程技术,4111012448,北京农业职业学院,3,,2025
北京市,440602,给排水工程技术,4111012448,北京农业职业学院,2,,2025
北京市,440602,给排水工程技术,4111012448,北京农业职业学院,3,,2025
北京市,450202,智慧水利技术,4111012448,北京农业职业学院,3,,2025
北京市,450203,水利水电工程技术,4111012448,北京农业职业学院,2,,2025
北京市,450203,水利水电工程技术,4111012448,北京农业职业学院,3,,2025
北京市,450402,水环境智能监测与治理,4111012448,北京农业职业学院,2,,2025
北京市,450402,水环境智能监测与治理,4111012448,北京农业职业学院,3,,2025
北京市,460609,无人机应用技术,4111012448,北京农业职业学院,3,,2025
北京市,460609,无人机应用技术,4111012448,北京农业职业学院,2,,2025
北京市,470102,药品生物技术,4111012448,北京农业职业学院,3,,2025
北京市,470102,药品生物技术,4111012448,北京农业职业学院,2,,2025
北京市,470105,生物产品检验检疫,4111012448,北京农业职业学院,3,,2025
北京市,490102,食品质量与安全,4111012448,北京农业职业学院,2,,2025
北京市,490102,食品质量与安全,4111012448,北京农业职业学院,3,,2025
北京市,490103,食品营养与健康,4111012448,北京农业职业学院,3,,2025
北京市,490103,食品营养与健康,4111012448,北京农业职业学院,2,,2025
北京市,490104,食品检验检测技术,4111012448,北京农业职业学院,3,,2025
北京市,490104,食品检验检测技术,4111012448,北京农业职业学院,2,,2025
北京市,510102,物联网应用技术,4111012448,北京农业职业学院,2,,2025
北京市,510102,物联网应用技术,4111012448,北京农业职业学院,3,,2025
北京市,510201,计算机应用技术,4111012448,北京农业职业学院,3,,2025
北京市,510201,计算机应用技术,4111012448,北京农业职业学院,2,,2025
北京市,510205,大数据技术,4111012448,北京农业职业学院,3,,2025
北京市,530201,金融服务与管理,4111012448,北京农业职业学院,3,,2025
北京市,530302,大数据与会计,4111012448,北京农业职业学院,3,,2025
北京市,530302,大数据与会计,4111012448,北京农业职业学院,2,,2025
北京市,530501,国际经济与贸易,4111012448,北京农业职业学院,2,,2025
北京市,530501,国际经济与贸易,4111012448,北京农业职业学院,3,,2025
北京市,530701,电子商务,4111012448,北京农业职业学院,3,,2025
北京市,530701,电子商务,4111012448,北京农业职业学院,2,,2025
北京市,530702,跨境电子商务,4111012448,北京农业职业学院,2,,2025
北京市,530702,跨境电子商务,4111012448,北京农业职业学院,3,,2025
北京市,530802,现代物流管理,4111012448,北京农业职业学院,2,,2025
北京市,530802,现代物流管理,4111012448,北京农业职业学院,3,,2025
北京市,540101,旅游管理,4111012448,北京农业职业学院,2,,2025
北京市,540101,旅游管理,4111012448,北京农业职业学院,3,,2025
北京市,540112,会展策划与管理,4111012448,北京农业职业学院,2,,2025
北京市,540112,会展策划与管理,4111012448,北京农业职业学院,3,,2025
北京市,550106,环境艺术设计,4111012448,北京农业职业学院,3,,2025
北京市,550106,环境艺术设计,4111012448,北京农业职业学院,2,,2025
北京市,580402,法律文秘,4111012448,北京农业职业学院,3,,2025
北京市,440406,建筑消防技术,4111012451,北京政法职业学院,2,,2025
北京市,440406,建筑消防技术,4111012451,北京政法职业学院,3,,2025
北京市,500405,空中乘务,4111012451,北京政法职业学院,2,,2025
北京市,500405,空中乘务,4111012451,北京政法职业学院,3,,2025
北京市,500406,民航安全技术管理,4111012451,北京政法职业学院,3,,2025
北京市,500407,民航空中安全保卫,4111012451,北京政法职业学院,2,,2025
北京市,510201,计算机应用技术,4111012451,北京政法职业学院,2,,2025
北京市,510201,计算机应用技术,4111012451,北京政法职业学院,3,,2025
北京市,510202,计算机网络技术,4111012451,北京政法职业学院,2,,2025
北京市,510202,计算机网络技术,4111012451,北京政法职业学院,3,,2025
北京市,510209,人工智能技术应用,4111012451,北京政法职业学院,3,,2025
北京市,530603,商务管理,4111012451,北京政法职业学院,2,,2025
北京市,530603,商务管理,4111012451,北京政法职业学院,3,,2025
北京市,530701,电子商务,4111012451,北京政法职业学院,3,,2025
北京市,530701,电子商务,4111012451,北京政法职业学院,2,,2025
北京市,550103,数字媒体艺术设计,4111012451,北京政法职业学院,3,,2025
北京市,560208,影视多媒体技术,4111012451,北京政法职业学院,3,,2025
北京市,560215,传播与策划,4111012451,北京政法职业学院,3,,2025
北京市,560215,传播与策划,4111012451,北京政法职业学院,2,,2025
北京市,570201,商务英语,4111012451,北京政法职业学院,2,,2025
北京市,580401,法律事务,4111012451,北京政法职业学院,3,,2025
北京市,580402,法律文秘,4111012451,北京政法职业学院,2,,2025
北京市,580402,法律文秘,4111012451,北京政法职业学院,3,,2025
北京市,580501K,刑事执行,4111012451,北京政法职业学院,3,,2025
北京市,580503K,行政执行,4111012451,北京政法职业学院,3,,2025
北京市,580603,司法鉴定技术,4111012451,北京政法职业学院,3,,2025
北京市,580701,安全防范技术,4111012451,北京政法职业学院,2,,2025
北京市,580702,安全保卫管理,4111012451,北京政法职业学院,2,,2025
北京市,580702,安全保卫管理,4111012451,北京政法职业学院,3,,2025
北京市,580703,智能安防运营管理,4111012451,北京政法职业学院,3,,2025
北京市,590104,社区管理与服务,4111012451,北京政法职业学院,3,,2025
北京市,590104,社区管理与服务,4111012451,北京政法职业学院,2,,2025
北京市,590203,劳动与社会保障,4111012451,北京政法职业学院,2,,2025
北京市,590203,劳动与社会保障,4111012451,北京政法职业学院,3,,2025
北京市,590209,职业指导与服务,4111012451,北京政法职业学院,3,,2025
北京市,590401,现代文秘,4111012451,北京政法职业学院,2,,2025
北京市,440106,建筑室内设计,4111012561,北京财贸职业学院,3,,2025
北京市,440404,建筑智能化工程技术,4111012561,北京财贸职业学院,3,,2025
北京市,440501,工程造价,4111012561,北京财贸职业学院,3,,2025
北京市,440502,建设工程管理,4111012561,北京财贸职业学院,3,,2025
北京市,440502,建设工程管理,4111012561,北京财贸职业学院,2,,2025
北京市,500405,空中乘务,4111012561,北京财贸职业学院,2,,2025
北京市,500405,空中乘务,4111012561,北京财贸职业学院,3,,2025
北京市,510205,大数据技术,4111012561,北京财贸职业学院,3,,2025
北京市,510209,人工智能技术应用,4111012561,北京财贸职业学院,3,,2025
北京市,520802,婴幼儿托育服务与管理,4111012561,北京财贸职业学院,3,,2025
北京市,530102,资产评估与管理,4111012561,北京财贸职业学院,3,,2025
北京市,530201,金融服务与管理,4111012561,北京财贸职业学院,3,,2025
北京市,530201,金融服务与管理,4111012561,北京财贸职业学院,2,,2025
北京市,530202,金融科技应用,4111012561,北京财贸职业学院,3,,2025
北京市,530202,金融科技应用,4111012561,北京财贸职业学院,2,,2025
北京市,530205,财富管理,4111012561,北京财贸职业学院,3,,2025
北京市,530205,财富管理,4111012561,北京财贸职业学院,2,,2025
北京市,530301,大数据与财务管理,4111012561,北京财贸职业学院,2,,2025
北京市,530301,大数据与财务管理,4111012561,北京财贸职业学院,3,,2025
北京市,530302,大数据与会计,4111012561,北京财贸职业学院,2,,2025
北京市,530302,大数据与会计,4111012561,北京财贸职业学院,3,,2025
北京市,530304,会计信息管理,4111012561,北京财贸职业学院,3,,2025
北京市,530601,工商企业管理,4111012561,北京财贸职业学院,3,,2025
北京市,530601,工商企业管理,4111012561,北京财贸职业学院,2,,2025
北京市,530602,连锁经营与管理,4111012561,北京财贸职业学院,3,,2025
北京市,530602,连锁经营与管理,4111012561,北京财贸职业学院,2,,2025
北京市,530605,市场营销,4111012561,北京财贸职业学院,2,,2025
北京市,530701,电子商务,4111012561,北京财贸职业学院,2,,2025
北京市,530701,电子商务,4111012561,北京财贸职业学院,3,,2025
北京市,530810,供应链运营,4111012561,北京财贸职业学院,3,,2025
北京市,540101,旅游管理,4111012561,北京财贸职业学院,3,,2025
北京市,540101,旅游管理,4111012561,北京财贸职业学院,2,,2025
北京市,540102,导游,4111012561,北京财贸职业学院,2,,2025
北京市,540102,导游,4111012561,北京财贸职业学院,3,,2025
北京市,540106,酒店管理与数字化运营,4111012561,北京财贸职业学院,3,,2025
北京市,540106,酒店管理与数字化运营,4111012561,北京财贸职业学院,2,,2025
北京市,540112,会展策划与管理,4111012561,北京财贸职业学院,3,,2025
北京市,550102,视觉传达设计,4111012561,北京财贸职业学院,2,,2025
北京市,550102,视觉传达设计,4111012561,北京财贸职业学院,3,,2025
北京市,550117,人物形象设计,4111012561,北京财贸职业学院,3,,2025
北京市,550117,人物形象设计,4111012561,北京财贸职业学院,2,,2025
北京市,560208,影视多媒体技术,4111012561,北京财贸职业学院,3,,2025
北京市,560208,影视多媒体技术,4111012561,北京财贸职业学院,2,,2025
北京市,570102K,学前教育,4111012561,北京财贸职业学院,3,,2025
北京市,570102K,学前教育,4111012561,北京财贸职业学院,2,,2025
北京市,510202,计算机网络技术,4111012564,北京北大方正软件职业技术学院,2,,2025
北京市,510202,计算机网络技术,4111012564,北京北大方正软件职业技术学院,3,,2025
北京市,510203,软件技术,4111012564,北京北大方正软件职业技术学院,3,,2025
北京市,510205,大数据技术,4111012564,北京北大方正软件职业技术学院,3,,2025
北京市,510209,人工智能技术应用,4111012564,北京北大方正软件职业技术学院,3,,2025
北京市,520201,护理,4111012564,北京北大方正软件职业技术学院,2,,2025
北京市,520201,护理,4111012564,北京北大方正软件职业技术学院,3,,2025
北京市,520601,康复治疗技术,4111012564,北京北大方正软件职业技术学院,3,,2025
北京市,520601,康复治疗技术,4111012564,北京北大方正软件职业技术学院,2,,2025
北京市,540201,餐饮智能管理,4111012564,北京北大方正软件职业技术学院,3,,2025
北京市,540201,餐饮智能管理,4111012564,北京北大方正软件职业技术学院,2,,2025
北京市,560105,数字出版,4111012564,北京北大方正软件职业技术学院,3,,2025
北京市,560105,数字出版,4111012564,北京北大方正软件职业技术学院,2,,2025
北京市,560208,影视多媒体技术,4111012564,北京北大方正软件职业技术学院,3,,2025
北京市,560215,传播与策划,4111012564,北京北大方正软件职业技术学院,3,,2025
北京市,560215,传播与策划,4111012564,北京北大方正软件职业技术学院,2,,2025
北京市,570102K,学前教育,4111012564,北京北大方正软件职业技术学院,2,,2025
北京市,570102K,学前教育,4111012564,北京北大方正软件职业技术学院,3,,2025
北京市,590302,智慧健康养老服务与管理,4111012564,北京北大方正软件职业技术学院,3,,2025
北京市,440106,建筑室内设计,4111012565,北京经贸职业学院,3,,2025
北京市,460204,新能源装备技术,4111012565,北京经贸职业学院,3,,2025
北京市,500405,空中乘务,4111012565,北京经贸职业学院,3,,2025
北京市,510201,计算机应用技术,4111012565,北京经贸职业学院,3,,2025
北京市,510207,信息安全技术应用,4111012565,北京经贸职业学院,3,,2025
北京市,510209,人工智能技术应用,4111012565,北京经贸职业学院,3,,2025
北京市,520802,婴幼儿托育服务与管理,4111012565,北京经贸职业学院,3,,2025
北京市,530207,国际金融,4111012565,北京经贸职业学院,3,,2025
北京市,530302,大数据与会计,4111012565,北京经贸职业学院,3,,2025
北京市,530701,电子商务,4111012565,北京经贸职业学院,3,,2025
北京市,560206,影视动画,4111012565,北京经贸职业学院,3,,2025
北京市,570102K,学前教育,4111012565,北京经贸职业学院,3,,2025
北京市,590202,人力资源管理,4111012565,北京经贸职业学院,3,,2025
北京市,590302,智慧健康养老服务与管理,4111012565,北京经贸职业学院,3,,2025
北京市,460609,无人机应用技术,4111012566,北京经济技术职业学院,3,,2025
北京市,500405,空中乘务,4111012566,北京经济技术职业学院,3,,2025
北京市,510201,计算机应用技术,4111012566,北京经济技术职业学院,3,,2025
北京市,510203,软件技术,4111012566,北京经济技术职业学院,3,,2025
北京市,520201,护理,4111012566,北京经济技术职业学院,3,,2025
北京市,530301,大数据与财务管理,4111012566,北京经济技术职业学院,3,,2025
北京市,530302,大数据与会计,4111012566,北京经济技术职业学院,3,,2025
北京市,540106,酒店管理与数字化运营,4111012566,北京经济技术职业学院,3,,2025
北京市,550113,广告艺术设计,4111012566,北京经济技术职业学院,3,,2025
北京市,550113,广告艺术设计,4111012566,北京经济技术职业学院,2,,2025
北京市,570102K,学前教育,4111012566,北京经济技术职业学院,3,,2025
北京市,570302,休闲体育,4111012566,北京经济技术职业学院,3,,2025
北京市,590302,智慧健康养老服务与管理,4111012566,北京经济技术职业学院,3,,2025
北京市,550201,音乐表演,4111012567,北京戏曲艺术职业学院,3,,2025
北京市,550202,舞蹈表演,4111012567,北京戏曲艺术职业学院,3,,2025
北京市,550203,戏曲表演,4111012567,北京戏曲艺术职业学院,3,,2025
北京市,550205,戏剧影视表演,4111012567,北京戏曲艺术职业学院,3,,2025
北京市,550207,曲艺表演,4111012567,北京戏曲艺术职业学院,3,,2025
北京市,550209,国际标准舞,4111012567,北京戏曲艺术职业学院,3,,2025
北京市,550211,戏曲音乐,4111012567,北京戏曲艺术职业学院,3,,2025
北京市,550214,钢琴调律,4111012567,北京戏曲艺术职业学院,2,,2025
北京市,550218,舞台艺术设计与制作,4111012567,北京戏曲艺术职业学院,2,,2025
北京市,550218,舞台艺术设计与制作,4111012567,北京戏曲艺术职业学院,3,,2025
北京市,500405,空中乘务,4111012568,北京汇佳职业学院,2,,2025
北京市,500405,空中乘务,4111012568,北京汇佳职业学院,3,,2025
北京市,500408,机场运行服务与管理,4111012568,北京汇佳职业学院,3,,2025
北京市,500604,城市轨道交通通信信号技术,4111012568,北京汇佳职业学院,3,,2025
北京市,510102,物联网应用技术,4111012568,北京汇佳职业学院,3,,2025
北京市,510203,软件技术,4111012568,北京汇佳职业学院,3,,2025
北京市,510204,数字媒体技术,4111012568,北京汇佳职业学院,3,,2025
北京市,510209,人工智能技术应用,4111012568,北京汇佳职业学院,3,,2025
北京市,520201,护理,4111012568,北京汇佳职业学院,3,,2025
北京市,520601,康复治疗技术,4111012568,北京汇佳职业学院,3,,2025
北京市,520702,卫生信息管理,4111012568,北京汇佳职业学院,3,,2025
北京市,520802,婴幼儿托育服务与管理,4111012568,北京汇佳职业学院,3,,2025
北京市,530502,国际商务,4111012568,北京汇佳职业学院,3,,2025
北京市,530701,电子商务,4111012568,北京汇佳职业学院,3,,2025
北京市,530704,网络营销与直播电商,4111012568,北京汇佳职业学院,3,,2025
北京市,550101,艺术设计,4111012568,北京汇佳职业学院,3,,2025
北京市,550107,书画艺术,4111012568,北京汇佳职业学院,3,,2025
北京市,550205,戏剧影视表演,4111012568,北京汇佳职业学院,3,,2025
北京市,550218,舞台艺术设计与制作,4111012568,北京汇佳职业学院,3,,2025
北京市,560207,影视制片管理,4111012568,北京汇佳职业学院,3,,2025
北京市,570102K,学前教育,4111012568,北京汇佳职业学院,2,,2025
北京市,570102K,学前教育,4111012568,北京汇佳职业学院,3,,2025
北京市,570311,体育运营与管理,4111012568,北京汇佳职业学院,3,,2025
北京市,590202,人力资源管理,4111012568,北京汇佳职业学院,3,,2025
北京市,590302,智慧健康养老服务与管理,4111012568,北京汇佳职业学院,3,,2025
北京市,460702,新能源汽车技术,4111012733,北京科技经营管理学院,3,,2025
北京市,500409,飞机机电设备维修,4111012733,北京科技经营管理学院,3,,2025
北京市,510201,计算机应用技术,4111012733,北京科技经营管理学院,3,,2025
北京市,530302,大数据与会计,4111012733,北京科技经营管理学院,3,,2025
北京市,530601,工商企业管理,4111012733,北京科技经营管理学院,3,,2025
北京市,540201,餐饮智能管理,4111012733,北京科技经营管理学院,3,,2025
北京市,550101,艺术设计,4111012733,北京科技经营管理学院,3,,2025
北京市,550201,音乐表演,4111012733,北京科技经营管理学院,3,,2025
北京市,550202,舞蹈表演,4111012733,北京科技经营管理学院,3,,2025
北京市,550205,戏剧影视表演,4111012733,北京科技经营管理学院,3,,2025
北京市,570101K,早期教育,4111012733,北京科技经营管理学院,3,,2025
北京市,590401,现代文秘,4111012733,北京科技经营管理学院,3,,2025
北京市,420805,环境管理与评价,4111013703,北京科技职业学院,3,,2025
北京市,440501,工程造价,4111013703,北京科技职业学院,3,,2025
北京市,460608,航空发动机维修技术,4111013703,北京科技职业学院,3,,2025
北京市,460609,无人机应用技术,4111013703,北京科技职业学院,3,,2025
北京市,470102,药品生物技术,4111013703,北京科技职业学院,3,,2025
北京市,500211,汽车检测与维修技术,4111013703,北京科技职业学院,3,,2025
北京市,500406,民航安全技术管理,4111013703,北京科技职业学院,3,,2025
北京市,510201,计算机应用技术,4111013703,北京科技职业学院,3,,2025
北京市,510202,计算机网络技术,4111013703,北京科技职业学院,3,,2025
北京市,510203,软件技术,4111013703,北京科技职业学院,3,,2025
北京市,510205,大数据技术,4111013703,北京科技职业学院,3,,2025
北京市,510206,云计算技术应用,4111013703,北京科技职业学院,3,,2025
北京市,510209,人工智能技术应用,4111013703,北京科技职业学院,3,,2025
北京市,520201,护理,4111013703,北京科技职业学院,2,,2025
北京市,520201,护理,4111013703,北京科技职业学院,3,,2025
北京市,520601,康复治疗技术,4111013703,北京科技职业学院,3,,2025
北京市,520802,婴幼儿托育服务与管理,4111013703,北京科技职业学院,3,,2025
北京市,530202,金融科技应用,4111013703,北京科技职业学院,3,,2025
北京市,530302,大数据与会计,4111013703,北京科技职业学院,3,,2025
北京市,530602,连锁经营与管理,4111013703,北京科技职业学院,3,,2025
北京市,530605,市场营销,4111013703,北京科技职业学院,3,,2025
北京市,530701,电子商务,4111013703,北京科技职业学院,3,,2025
北京市,540101,旅游管理,4111013703,北京科技职业学院,3,,2025
北京市,540106,酒店管理与数字化运营,4111013703,北京科技职业学院,2,,2025
北京市,550101,艺术设计,4111013703,北京科技职业学院,3,,2025
北京市,550103,数字媒体艺术设计,4111013703,北京科技职业学院,3,,2025
北京市,560208,影视多媒体技术,4111013703,北京科技职业学院,3,,2025
北京市,570102K,学前教育,4111013703,北京科技职业学院,3,,2025
北京市,570201,商务英语,4111013703,北京科技职业学院,3,,2025
北京市,440501,工程造价,4111013728,北京培黎职业学院,3,,2025
北京市,510201,计算机应用技术,4111013728,北京培黎职业学院,3,,2025
北京市,510203,软件技术,4111013728,北京培黎职业学院,3,,2025
北京市,510205,大数据技术,4111013728,北京培黎职业学院,3,,2025
北京市,510207,信息安全技术应用,4111013728,北京培黎职业学院,3,,2025
北京市,510209,人工智能技术应用,4111013728,北京培黎职业学院,3,,2025
北京市,520417,中医养生保健,4111013728,北京培黎职业学院,3,,2025
北京市,530201,金融服务与管理,4111013728,北京培黎职业学院,3,,2025
北京市,530302,大数据与会计,4111013728,北京培黎职业学院,3,,2025
北京市,530501,国际经济与贸易,4111013728,北京培黎职业学院,3,,2025
北京市,530601,工商企业管理,4111013728,北京培黎职业学院,3,,2025
北京市,530605,市场营销,4111013728,北京培黎职业学院,3,,2025
北京市,530701,电子商务,4111013728,北京培黎职业学院,3,,2025
北京市,550103,数字媒体艺术设计,4111013728,北京培黎职业学院,3,,2025
北京市,550106,环境艺术设计,4111013728,北京培黎职业学院,3,,2025
北京市,550113,广告艺术设计,4111013728,北京培黎职业学院,3,,2025
北京市,560205,新闻采编与制作,4111013728,北京培黎职业学院,3,,2025
北京市,570102K,学前教育,4111013728,北京培黎职业学院,3,,2025
北京市,570201,商务英语,4111013728,北京培黎职业学院,3,,2025
北京市,570205,商务日语,4111013728,北京培黎职业学院,3,,2025
北京市,570212,应用西班牙语,4111013728,北京培黎职业学院,3,,2025
北京市,570311,体育运营与管理,4111013728,北京培黎职业学院,3,,2025
北京市,580401,法律事务,4111013728,北京培黎职业学院,3,,2025
北京市,580101K,治安管理,4111014019,北京警察学院,3,,2025
北京市,580203K,警犬技术,4111014019,北京警察学院,3,,2025
北京市,420107,宝玉石鉴定与加工,4111014073,北京经济管理职业学院,3,,2025
北京市,440202,智慧城市管理技术,4111014073,北京经济管理职业学院,3,,2025
北京市,440501,工程造价,4111014073,北京经济管理职业学院,2,,2025
北京市,460302,智能机电技术,4111014073,北京经济管理职业学院,3,,2025
北京市,460306,电气自动化技术,4111014073,北京经济管理职业学院,3,,2025
北京市,460609,无人机应用技术,4111014073,北京经济管理职业学院,3,,2025
北京市,500401,民航运输服务,4111014073,北京经济管理职业学院,2,,2025
北京市,500405,空中乘务,4111014073,北京经济管理职业学院,2,,2025
北京市,500405,空中乘务,4111014073,北京经济管理职业学院,3,,2025
北京市,510101,电子信息工程技术,4111014073,北京经济管理职业学院,2,,2025
北京市,510202,计算机网络技术,4111014073,北京经济管理职业学院,2,,2025
北京市,510204,数字媒体技术,4111014073,北京经济管理职业学院,3,,2025
北京市,510204,数字媒体技术,4111014073,北京经济管理职业学院,2,,2025
北京市,510205,大数据技术,4111014073,北京经济管理职业学院,3,,2025
北京市,510207,信息安全技术应用,4111014073,北京经济管理职业学院,2,,2025
北京市,510207,信息安全技术应用,4111014073,北京经济管理职业学院,3,,2025
北京市,510209,人工智能技术应用,4111014073,北京经济管理职业学院,2,,2025
北京市,510209,人工智能技术应用,4111014073,北京经济管理职业学院,3,,2025
北京市,510401,集成电路技术,4111014073,北京经济管理职业学院,3,,2025
北京市,530101,财税大数据应用,4111014073,北京经济管理职业学院,2,,2025
北京市,530101,财税大数据应用,4111014073,北京经济管理职业学院,3,,2025
北京市,530201,金融服务与管理,4111014073,北京经济管理职业学院,2,,2025
北京市,530201,金融服务与管理,4111014073,北京经济管理职业学院,3,,2025
北京市,530202,金融科技应用,4111014073,北京经济管理职业学院,3,,2025
北京市,530202,金融科技应用,4111014073,北京经济管理职业学院,2,,2025
北京市,530205,财富管理,4111014073,北京经济管理职业学院,3,,2025
北京市,530302,大数据与会计,4111014073,北京经济管理职业学院,3,,2025
北京市,530302,大数据与会计,4111014073,北京经济管理职业学院,2,,2025
北京市,530305,业财数据应用与管理,4111014073,北京经济管理职业学院,3,,2025
北京市,530401,统计与大数据分析,4111014073,北京经济管理职业学院,3,,2025
北京市,530502,国际商务,4111014073,北京经济管理职业学院,3,,2025
北京市,530502,国际商务,4111014073,北京经济管理职业学院,2,,2025
北京市,530601,工商企业管理,4111014073,北京经济管理职业学院,2,,2025
北京市,530601,工商企业管理,4111014073,北京经济管理职业学院,3,,2025
北京市,530701,电子商务,4111014073,北京经济管理职业学院,2,,2025
北京市,530702,跨境电子商务,4111014073,北京经济管理职业学院,3,,2025
北京市,530702,跨境电子商务,4111014073,北京经济管理职业学院,2,,2025
北京市,540101,旅游管理,4111014073,北京经济管理职业学院,2,,2025
北京市,540101,旅游管理,4111014073,北京经济管理职业学院,3,,2025
北京市,540113,休闲服务与管理,4111014073,北京经济管理职业学院,2,,2025
北京市,540113,休闲服务与管理,4111014073,北京经济管理职业学院,3,,2025
北京市,550112,工艺美术品设计,4111014073,北京经济管理职业学院,2,,2025
北京市,550112,工艺美术品设计,4111014073,北京经济管理职业学院,3,,2025
北京市,570102K,学前教育,4111014073,北京经济管理职业学院,3,,2025
北京市,570201,商务英语,4111014073,北京经济管理职业学院,3,,2025
北京市,570201,商务英语,4111014073,北京经济管理职业学院,2,,2025
北京市,570202,应用英语,4111014073,北京经济管理职业学院,3,,2025
北京市,570202,应用英语,4111014073,北京经济管理职业学院,2,,2025
北京市,420901,安全技术与管理,4111014075,北京劳动保障职业学院,3,,2025
北京市,420901,安全技术与管理,4111014075,北京劳动保障职业学院,2,,2025
北京市,460301,机电一体化技术,4111014075,北京劳动保障职业学院,3,,2025
北京市,500603,城市轨道交通机电技术,4111014075,北京劳动保障职业学院,2,,2025
北京市,500603,城市轨道交通机电技术,4111014075,北京劳动保障职业学院,3,,2025
北京市,510202,计算机网络技术,4111014075,北京劳动保障职业学院,3,,2025
北京市,510209,人工智能技术应用,4111014075,北京劳动保障职业学院,3,,2025
北京市,520201,护理,4111014075,北京劳动保障职业学院,3,,2025
北京市,520201,护理,4111014075,北京劳动保障职业学院,2,,2025
北京市,520802,婴幼儿托育服务与管理,4111014075,北京劳动保障职业学院,3,,2025
北京市,570102K,学前教育,4111014075,北京劳动保障职业学院,3,,2025
北京市,590202,人力资源管理,4111014075,北京劳动保障职业学院,3,,2025
北京市,590202,人力资源管理,4111014075,北京劳动保障职业学院,2,,2025
北京市,590203,劳动与社会保障,4111014075,北京劳动保障职业学院,2,,2025
北京市,590203,劳动与社会保障,4111014075,北京劳动保障职业学院,3,,2025
北京市,590205,公共事务管理,4111014075,北京劳动保障职业学院,3,,2025
北京市,590209,职业指导与服务,4111014075,北京劳动保障职业学院,3,,2025
北京市,590301,现代家政服务与管理,4111014075,北京劳动保障职业学院,3,,2025
北京市,590302,智慧健康养老服务与管理,4111014075,北京劳动保障职业学院,2,,2025
北京市,590302,智慧健康养老服务与管理,4111014075,北京劳动保障职业学院,3,,2025
北京市,520201,护理,4111014139,民政职业大学,3,,2025
北京市,520201,护理,4111014139,民政职业大学,2,,2025
北京市,520601,康复治疗技术,4111014139,民政职业大学,2,,2025
北京市,520601,康复治疗技术,4111014139,民政职业大学,3,,2025
北京市,520602,康复辅助器具技术,4111014139,民政职业大学,2,,2025
北京市,520603,言语听觉康复技术,4111014139,民政职业大学,3,,2025
北京市,520801,健康管理,4111014139,民政职业大学,3,,2025
北京市,520802,婴幼儿托育服务与管理,4111014139,民政职业大学,2,,2025
北京市,530302,大数据与会计,4111014139,民政职业大学,3,,2025
北京市,560208,影视多媒体技术,4111014139,民政职业大学,3,,2025
北京市,570101K,早期教育,4111014139,民政职业大学,3,,2025
北京市,570102K,学前教育,4111014139,民政职业大学,3,,2025
北京市,590104,社区管理与服务,4111014139,民政职业大学,3,,2025
北京市,590106,公益慈善事业管理,4111014139,民政职业大学,3,,2025
北京市,590201,民政服务与管理,4111014139,民政职业大学,3,,2025
北京市,590202,人力资源管理,4111014139,民政职业大学,2,,2025
北京市,590202,人力资源管理,4111014139,民政职业大学,3,,2025
北京市,590301,现代家政服务与管理,4111014139,民政职业大学,3,,2025
北京市,590304,婚庆服务与管理,4111014139,民政职业大学,3,,2025
北京市,590305,现代殡葬技术与管理,4111014139,民政职业大学,3,,2025
北京市,590306,殡葬设备维护技术,4111014139,民政职业大学,3,,2025
北京市,590307,陵园服务与管理,4111014139,民政职业大学,3,,2025
北京市,510215,动漫制作技术,4111014140,北京艺术传媒职业学院,3,,2025
北京市,540112,会展策划与管理,4111014140,北京艺术传媒职业学院,3,,2025
北京市,550101,艺术设计,4111014140,北京艺术传媒职业学院,3,,2025
北京市,550103,数字媒体艺术设计,4111014140,北京艺术传媒职业学院,3,,2025
北京市,550105,服装与服饰设计,4111014140,北京艺术传媒职业学院,3,,2025
北京市,550107,书画艺术,4111014140,北京艺术传媒职业学院,3,,2025
北京市,550110,展示艺术设计,4111014140,北京艺术传媒职业学院,3,,2025
北京市,550113,广告艺术设计,4111014140,北京艺术传媒职业学院,3,,2025
北京市,550201,音乐表演,4111014140,北京艺术传媒职业学院,3,,2025
北京市,550202,舞蹈表演,4111014140,北京艺术传媒职业学院,3,,2025
北京市,550205,戏剧影视表演,4111014140,北京艺术传媒职业学院,3,,2025
北京市,550404,文物修复与保护,4111014140,北京艺术传媒职业学院,3,,2025
北京市,560102,网络新闻与传播,4111014140,北京艺术传媒职业学院,3,,2025
北京市,560201,播音与主持,4111014140,北京艺术传媒职业学院,3,,2025
北京市,560204,影视编导,4111014140,北京艺术传媒职业学院,3,,2025
北京市,560205,新闻采编与制作,4111014140,北京艺术传媒职业学院,3,,2025
北京市,560212,摄影摄像技术,4111014140,北京艺术传媒职业学院,3,,2025
北京市,570113K,艺术教育,4111014140,北京艺术传媒职业学院,3,,2025
北京市,570302,休闲体育,4111014215,北京体育职业学院,3,,2025
北京市,570303,运动训练,4111014215,北京体育职业学院,2,,2025
北京市,570303,运动训练,4111014215,北京体育职业学院,3,,2025
北京市,570306,体育保健与康复,4111014215,北京体育职业学院,3,,2025
北京市,570306,体育保健与康复,4111014215,北京体育职业学院,2,,2025
北京市,570311,体育运营与管理,4111014215,北京体育职业学院,3,,2025
北京市,570314,冰雪运动与管理,4111014215,北京体育职业学院,3,,2025
